fileName,directory,commonDirectory,relativePath,fullPath
addpath_custom.m,\\moorelaboratory.dts.usc.edu\shared\Code\Adams_Functions,\\moorelaboratory.dts.usc.edu\shared\Code,Adams_Functions\addpath_custom.m,\\moorelaboratory.dts.usc.edu\shared\Code\Adams_Functions\addpath_custom.m
align_subplots.m,\\moorelaboratory.dts.usc.edu\shared\Code\Adams_Functions,\\moorelaboratory.dts.usc.edu\shared\Code,Adams_Functions\align_subplots.m,\\moorelaboratory.dts.usc.edu\shared\Code\Adams_Functions\align_subplots.m
all_dependent_files.m,\\moorelaboratory.dts.usc.edu\shared\Code\Adams_Functions,\\moorelaboratory.dts.usc.edu\shared\Code,Adams_Functions\all_dependent_files.m,\\moorelaboratory.dts.usc.edu\shared\Code\Adams_Functions\all_dependent_files.m
apply_iteratively.m,\\moorelaboratory.dts.usc.edu\shared\Code\Adams_Functions,\\moorelaboratory.dts.usc.edu\shared\Code,Adams_Functions\apply_iteratively.m,\\moorelaboratory.dts.usc.edu\shared\Code\Adams_Functions\apply_iteratively.m
apply_over_cells.m,\\moorelaboratory.dts.usc.edu\shared\Code\Adams_Functions,\\moorelaboratory.dts.usc.edu\shared\Code,Adams_Functions\apply_over_cells.m,\\moorelaboratory.dts.usc.edu\shared\Code\Adams_Functions\apply_over_cells.m
apply_to_all_cells.m,\\moorelaboratory.dts.usc.edu\shared\Code\Adams_Functions,\\moorelaboratory.dts.usc.edu\shared\Code,Adams_Functions\apply_to_all_cells.m,\\moorelaboratory.dts.usc.edu\shared\Code\Adams_Functions\apply_to_all_cells.m
archive_dependent_scripts.m,\\moorelaboratory.dts.usc.edu\shared\Code\Adams_Functions,\\moorelaboratory.dts.usc.edu\shared\Code,Adams_Functions\archive_dependent_scripts.m,\\moorelaboratory.dts.usc.edu\shared\Code\Adams_Functions\archive_dependent_scripts.m
argfun.m,\\moorelaboratory.dts.usc.edu\shared\Code\Adams_Functions,\\moorelaboratory.dts.usc.edu\shared\Code,Adams_Functions\argfun.m,\\moorelaboratory.dts.usc.edu\shared\Code\Adams_Functions\argfun.m
arglist2struct.m,\\moorelaboratory.dts.usc.edu\shared\Code\Adams_Functions,\\moorelaboratory.dts.usc.edu\shared\Code,Adams_Functions\arglist2struct.m,\\moorelaboratory.dts.usc.edu\shared\Code\Adams_Functions\arglist2struct.m
array_fun.m,\\moorelaboratory.dts.usc.edu\shared\Code\Adams_Functions,\\moorelaboratory.dts.usc.edu\shared\Code,Adams_Functions\array_fun.m,\\moorelaboratory.dts.usc.edu\shared\Code\Adams_Functions\array_fun.m
cell2num.m,\\moorelaboratory.dts.usc.edu\shared\Code\Adams_Functions,\\moorelaboratory.dts.usc.edu\shared\Code,Adams_Functions\cell2num.m,\\moorelaboratory.dts.usc.edu\shared\Code\Adams_Functions\cell2num.m
char2rgb.m,\\moorelaboratory.dts.usc.edu\shared\Code\Adams_Functions,\\moorelaboratory.dts.usc.edu\shared\Code,Adams_Functions\char2rgb.m,\\moorelaboratory.dts.usc.edu\shared\Code\Adams_Functions\char2rgb.m
check_dir.m,\\moorelaboratory.dts.usc.edu\shared\Code\Adams_Functions,\\moorelaboratory.dts.usc.edu\shared\Code,Adams_Functions\check_dir.m,\\moorelaboratory.dts.usc.edu\shared\Code\Adams_Functions\check_dir.m
change_row_to_column.m,\\moorelaboratory.dts.usc.edu\shared\Code\Adams_Functions\chronux_2_12_annotated,\\moorelaboratory.dts.usc.edu\shared\Code,Adams_Functions\chronux_2_12_annotated\change_row_to_column.m,\\moorelaboratory.dts.usc.edu\shared\Code\Adams_Functions\chronux_2_12_annotated\change_row_to_column.m
dpsschk.m,\\moorelaboratory.dts.usc.edu\shared\Code\Adams_Functions\chronux_2_12_annotated,\\moorelaboratory.dts.usc.edu\shared\Code,Adams_Functions\chronux_2_12_annotated\dpsschk.m,\\moorelaboratory.dts.usc.edu\shared\Code\Adams_Functions\chronux_2_12_annotated\dpsschk.m
getfgrid.m,\\moorelaboratory.dts.usc.edu\shared\Code\Adams_Functions\chronux_2_12_annotated,\\moorelaboratory.dts.usc.edu\shared\Code,Adams_Functions\chronux_2_12_annotated\getfgrid.m,\\moorelaboratory.dts.usc.edu\shared\Code\Adams_Functions\chronux_2_12_annotated\getfgrid.m
getparams.m,\\moorelaboratory.dts.usc.edu\shared\Code\Adams_Functions\chronux_2_12_annotated,\\moorelaboratory.dts.usc.edu\shared\Code,Adams_Functions\chronux_2_12_annotated\getparams.m,\\moorelaboratory.dts.usc.edu\shared\Code\Adams_Functions\chronux_2_12_annotated\getparams.m
mtfftc.m,\\moorelaboratory.dts.usc.edu\shared\Code\Adams_Functions\chronux_2_12_annotated,\\moorelaboratory.dts.usc.edu\shared\Code,Adams_Functions\chronux_2_12_annotated\mtfftc.m,\\moorelaboratory.dts.usc.edu\shared\Code\Adams_Functions\chronux_2_12_annotated\mtfftc.m
mtspectrumc.m,\\moorelaboratory.dts.usc.edu\shared\Code\Adams_Functions\chronux_2_12_annotated,\\moorelaboratory.dts.usc.edu\shared\Code,Adams_Functions\chronux_2_12_annotated\mtspectrumc.m,\\moorelaboratory.dts.usc.edu\shared\Code\Adams_Functions\chronux_2_12_annotated\mtspectrumc.m
specerr.m,\\moorelaboratory.dts.usc.edu\shared\Code\Adams_Functions\chronux_2_12_annotated,\\moorelaboratory.dts.usc.edu\shared\Code,Adams_Functions\chronux_2_12_annotated\specerr.m,\\moorelaboratory.dts.usc.edu\shared\Code\Adams_Functions\chronux_2_12_annotated\specerr.m
cleanup_parcluster.m,\\moorelaboratory.dts.usc.edu\shared\Code\Adams_Functions,\\moorelaboratory.dts.usc.edu\shared\Code,Adams_Functions\cleanup_parcluster.m,\\moorelaboratory.dts.usc.edu\shared\Code\Adams_Functions\cleanup_parcluster.m
combine_strings.m,\\moorelaboratory.dts.usc.edu\shared\Code\Adams_Functions,\\moorelaboratory.dts.usc.edu\shared\Code,Adams_Functions\combine_strings.m,\\moorelaboratory.dts.usc.edu\shared\Code\Adams_Functions\combine_strings.m
combine_tables.m,\\moorelaboratory.dts.usc.edu\shared\Code\Adams_Functions,\\moorelaboratory.dts.usc.edu\shared\Code,Adams_Functions\combine_tables.m,\\moorelaboratory.dts.usc.edu\shared\Code\Adams_Functions\combine_tables.m
compute_axis_limits.m,\\moorelaboratory.dts.usc.edu\shared\Code\Adams_Functions,\\moorelaboratory.dts.usc.edu\shared\Code,Adams_Functions\compute_axis_limits.m,\\moorelaboratory.dts.usc.edu\shared\Code\Adams_Functions\compute_axis_limits.m
compute_combined_trace.m,\\moorelaboratory.dts.usc.edu\shared\Code\Adams_Functions,\\moorelaboratory.dts.usc.edu\shared\Code,Adams_Functions\compute_combined_trace.m,\\moorelaboratory.dts.usc.edu\shared\Code\Adams_Functions\compute_combined_trace.m
compute_fundamental_frequency.m,\\moorelaboratory.dts.usc.edu\shared\Code\Adams_Functions,\\moorelaboratory.dts.usc.edu\shared\Code,Adams_Functions\compute_fundamental_frequency.m,\\moorelaboratory.dts.usc.edu\shared\Code\Adams_Functions\compute_fundamental_frequency.m
compute_index_boundaries.m,\\moorelaboratory.dts.usc.edu\shared\Code\Adams_Functions,\\moorelaboratory.dts.usc.edu\shared\Code,Adams_Functions\compute_index_boundaries.m,\\moorelaboratory.dts.usc.edu\shared\Code\Adams_Functions\compute_index_boundaries.m
compute_maximum_numel.m,\\moorelaboratory.dts.usc.edu\shared\Code\Adams_Functions,\\moorelaboratory.dts.usc.edu\shared\Code,Adams_Functions\compute_maximum_numel.m,\\moorelaboratory.dts.usc.edu\shared\Code\Adams_Functions\compute_maximum_numel.m
compute_maximum_trace.m,\\moorelaboratory.dts.usc.edu\shared\Code\Adams_Functions,\\moorelaboratory.dts.usc.edu\shared\Code,Adams_Functions\compute_maximum_trace.m,\\moorelaboratory.dts.usc.edu\shared\Code\Adams_Functions\compute_maximum_trace.m
compute_minimum_trace.m,\\moorelaboratory.dts.usc.edu\shared\Code\Adams_Functions,\\moorelaboratory.dts.usc.edu\shared\Code,Adams_Functions\compute_minimum_trace.m,\\moorelaboratory.dts.usc.edu\shared\Code\Adams_Functions\compute_minimum_trace.m
compute_phase_average.m,\\moorelaboratory.dts.usc.edu\shared\Code\Adams_Functions,\\moorelaboratory.dts.usc.edu\shared\Code,Adams_Functions\compute_phase_average.m,\\moorelaboratory.dts.usc.edu\shared\Code\Adams_Functions\compute_phase_average.m
compute_phase_response.m,\\moorelaboratory.dts.usc.edu\shared\Code\Adams_Functions,\\moorelaboratory.dts.usc.edu\shared\Code,Adams_Functions\compute_phase_response.m,\\moorelaboratory.dts.usc.edu\shared\Code\Adams_Functions\compute_phase_response.m
compute_stats.m,\\moorelaboratory.dts.usc.edu\shared\Code\Adams_Functions,\\moorelaboratory.dts.usc.edu\shared\Code,Adams_Functions\compute_stats.m,\\moorelaboratory.dts.usc.edu\shared\Code\Adams_Functions\compute_stats.m
compute_trial_numbers.m,\\moorelaboratory.dts.usc.edu\shared\Code\Adams_Functions,\\moorelaboratory.dts.usc.edu\shared\Code,Adams_Functions\compute_trial_numbers.m,\\moorelaboratory.dts.usc.edu\shared\Code\Adams_Functions\compute_trial_numbers.m
compute_value_boundaries.m,\\moorelaboratory.dts.usc.edu\shared\Code\Adams_Functions,\\moorelaboratory.dts.usc.edu\shared\Code,Adams_Functions\compute_value_boundaries.m,\\moorelaboratory.dts.usc.edu\shared\Code\Adams_Functions\compute_value_boundaries.m
compute_weighted_average.m,\\moorelaboratory.dts.usc.edu\shared\Code\Adams_Functions,\\moorelaboratory.dts.usc.edu\shared\Code,Adams_Functions\compute_weighted_average.m,\\moorelaboratory.dts.usc.edu\shared\Code\Adams_Functions\compute_weighted_average.m
construct_fullpath.m,\\moorelaboratory.dts.usc.edu\shared\Code\Adams_Functions,\\moorelaboratory.dts.usc.edu\shared\Code,Adams_Functions\construct_fullpath.m,\\moorelaboratory.dts.usc.edu\shared\Code\Adams_Functions\construct_fullpath.m
convert_colors_to_rgb.m,\\moorelaboratory.dts.usc.edu\shared\Code\Adams_Functions,\\moorelaboratory.dts.usc.edu\shared\Code,Adams_Functions\convert_colors_to_rgb.m,\\moorelaboratory.dts.usc.edu\shared\Code\Adams_Functions\convert_colors_to_rgb.m
convert_to_char.m,\\moorelaboratory.dts.usc.edu\shared\Code\Adams_Functions,\\moorelaboratory.dts.usc.edu\shared\Code,Adams_Functions\convert_to_char.m,\\moorelaboratory.dts.usc.edu\shared\Code\Adams_Functions\convert_to_char.m
convert_to_rank.m,\\moorelaboratory.dts.usc.edu\shared\Code\Adams_Functions,\\moorelaboratory.dts.usc.edu\shared\Code,Adams_Functions\convert_to_rank.m,\\moorelaboratory.dts.usc.edu\shared\Code\Adams_Functions\convert_to_rank.m
count_samples.m,\\moorelaboratory.dts.usc.edu\shared\Code\Adams_Functions,\\moorelaboratory.dts.usc.edu\shared\Code,Adams_Functions\count_samples.m,\\moorelaboratory.dts.usc.edu\shared\Code\Adams_Functions\count_samples.m
count_strings.m,\\moorelaboratory.dts.usc.edu\shared\Code\Adams_Functions,\\moorelaboratory.dts.usc.edu\shared\Code,Adams_Functions\count_strings.m,\\moorelaboratory.dts.usc.edu\shared\Code\Adams_Functions\count_strings.m
count_vectors.m,\\moorelaboratory.dts.usc.edu\shared\Code\Adams_Functions,\\moorelaboratory.dts.usc.edu\shared\Code,Adams_Functions\count_vectors.m,\\moorelaboratory.dts.usc.edu\shared\Code\Adams_Functions\count_vectors.m
create_colormap.m,\\moorelaboratory.dts.usc.edu\shared\Code\Adams_Functions,\\moorelaboratory.dts.usc.edu\shared\Code,Adams_Functions\create_colormap.m,\\moorelaboratory.dts.usc.edu\shared\Code\Adams_Functions\create_colormap.m
create_default_endpoints.m,\\moorelaboratory.dts.usc.edu\shared\Code\Adams_Functions,\\moorelaboratory.dts.usc.edu\shared\Code,Adams_Functions\create_default_endpoints.m,\\moorelaboratory.dts.usc.edu\shared\Code\Adams_Functions\create_default_endpoints.m
create_default_grouping.m,\\moorelaboratory.dts.usc.edu\shared\Code\Adams_Functions,\\moorelaboratory.dts.usc.edu\shared\Code,Adams_Functions\create_default_grouping.m,\\moorelaboratory.dts.usc.edu\shared\Code\Adams_Functions\create_default_grouping.m
create_empty_match.m,\\moorelaboratory.dts.usc.edu\shared\Code\Adams_Functions,\\moorelaboratory.dts.usc.edu\shared\Code,Adams_Functions\create_empty_match.m,\\moorelaboratory.dts.usc.edu\shared\Code\Adams_Functions\create_empty_match.m
create_error_for_nargin.m,\\moorelaboratory.dts.usc.edu\shared\Code\Adams_Functions,\\moorelaboratory.dts.usc.edu\shared\Code,Adams_Functions\create_error_for_nargin.m,\\moorelaboratory.dts.usc.edu\shared\Code\Adams_Functions\create_error_for_nargin.m
create_grouping_by_vectors.m,\\moorelaboratory.dts.usc.edu\shared\Code\Adams_Functions,\\moorelaboratory.dts.usc.edu\shared\Code,Adams_Functions\create_grouping_by_vectors.m,\\moorelaboratory.dts.usc.edu\shared\Code\Adams_Functions\create_grouping_by_vectors.m
create_indices.m,\\moorelaboratory.dts.usc.edu\shared\Code\Adams_Functions,\\moorelaboratory.dts.usc.edu\shared\Code,Adams_Functions\create_indices.m,\\moorelaboratory.dts.usc.edu\shared\Code\Adams_Functions\create_indices.m
create_labels_from_numbers.m,\\moorelaboratory.dts.usc.edu\shared\Code\Adams_Functions,\\moorelaboratory.dts.usc.edu\shared\Code,Adams_Functions\create_labels_from_numbers.m,\\moorelaboratory.dts.usc.edu\shared\Code\Adams_Functions\create_labels_from_numbers.m
create_pulse_train_times.m,\\moorelaboratory.dts.usc.edu\shared\Code\Adams_Functions,\\moorelaboratory.dts.usc.edu\shared\Code,Adams_Functions\create_pulse_train_times.m,\\moorelaboratory.dts.usc.edu\shared\Code\Adams_Functions\create_pulse_train_times.m
create_subplots.m,\\moorelaboratory.dts.usc.edu\shared\Code\Adams_Functions,\\moorelaboratory.dts.usc.edu\shared\Code,Adams_Functions\create_subplots.m,\\moorelaboratory.dts.usc.edu\shared\Code\Adams_Functions\create_subplots.m
create_time_stamp.m,\\moorelaboratory.dts.usc.edu\shared\Code\Adams_Functions,\\moorelaboratory.dts.usc.edu\shared\Code,Adams_Functions\create_time_stamp.m,\\moorelaboratory.dts.usc.edu\shared\Code\Adams_Functions\create_time_stamp.m
decide_on_colormap.m,\\moorelaboratory.dts.usc.edu\shared\Code\Adams_Functions,\\moorelaboratory.dts.usc.edu\shared\Code,Adams_Functions\decide_on_colormap.m,\\moorelaboratory.dts.usc.edu\shared\Code\Adams_Functions\decide_on_colormap.m
error_unrecognized.m,\\moorelaboratory.dts.usc.edu\shared\Code\Adams_Functions,\\moorelaboratory.dts.usc.edu\shared\Code,Adams_Functions\error_unrecognized.m,\\moorelaboratory.dts.usc.edu\shared\Code\Adams_Functions\error_unrecognized.m
extract_columns.m,\\moorelaboratory.dts.usc.edu\shared\Code\Adams_Functions,\\moorelaboratory.dts.usc.edu\shared\Code,Adams_Functions\extract_columns.m,\\moorelaboratory.dts.usc.edu\shared\Code\Adams_Functions\extract_columns.m
extract_common_directory.m,\\moorelaboratory.dts.usc.edu\shared\Code\Adams_Functions,\\moorelaboratory.dts.usc.edu\shared\Code,Adams_Functions\extract_common_directory.m,\\moorelaboratory.dts.usc.edu\shared\Code\Adams_Functions\extract_common_directory.m
extract_common_prefix.m,\\moorelaboratory.dts.usc.edu\shared\Code\Adams_Functions,\\moorelaboratory.dts.usc.edu\shared\Code,Adams_Functions\extract_common_prefix.m,\\moorelaboratory.dts.usc.edu\shared\Code\Adams_Functions\extract_common_prefix.m
extract_common_suffix.m,\\moorelaboratory.dts.usc.edu\shared\Code\Adams_Functions,\\moorelaboratory.dts.usc.edu\shared\Code,Adams_Functions\extract_common_suffix.m,\\moorelaboratory.dts.usc.edu\shared\Code\Adams_Functions\extract_common_suffix.m
extract_data_from_lines.m,\\moorelaboratory.dts.usc.edu\shared\Code\Adams_Functions,\\moorelaboratory.dts.usc.edu\shared\Code,Adams_Functions\extract_data_from_lines.m,\\moorelaboratory.dts.usc.edu\shared\Code\Adams_Functions\extract_data_from_lines.m
extract_distinct_fileparts.m,\\moorelaboratory.dts.usc.edu\shared\Code\Adams_Functions,\\moorelaboratory.dts.usc.edu\shared\Code,Adams_Functions\extract_distinct_fileparts.m,\\moorelaboratory.dts.usc.edu\shared\Code\Adams_Functions\extract_distinct_fileparts.m
extract_elements.m,\\moorelaboratory.dts.usc.edu\shared\Code\Adams_Functions,\\moorelaboratory.dts.usc.edu\shared\Code,Adams_Functions\extract_elements.m,\\moorelaboratory.dts.usc.edu\shared\Code\Adams_Functions\extract_elements.m
extract_fields.m,\\moorelaboratory.dts.usc.edu\shared\Code\Adams_Functions,\\moorelaboratory.dts.usc.edu\shared\Code,Adams_Functions\extract_fields.m,\\moorelaboratory.dts.usc.edu\shared\Code\Adams_Functions\extract_fields.m
extract_fileparts.m,\\moorelaboratory.dts.usc.edu\shared\Code\Adams_Functions,\\moorelaboratory.dts.usc.edu\shared\Code,Adams_Functions\extract_fileparts.m,\\moorelaboratory.dts.usc.edu\shared\Code\Adams_Functions\extract_fileparts.m
extract_parameter_value_pairs.m,\\moorelaboratory.dts.usc.edu\shared\Code\Adams_Functions,\\moorelaboratory.dts.usc.edu\shared\Code,Adams_Functions\extract_parameter_value_pairs.m,\\moorelaboratory.dts.usc.edu\shared\Code\Adams_Functions\extract_parameter_value_pairs.m
extract_substrings.m,\\moorelaboratory.dts.usc.edu\shared\Code\Adams_Functions,\\moorelaboratory.dts.usc.edu\shared\Code,Adams_Functions\extract_substrings.m,\\moorelaboratory.dts.usc.edu\shared\Code\Adams_Functions\extract_substrings.m
extract_subvectors.m,\\moorelaboratory.dts.usc.edu\shared\Code\Adams_Functions,\\moorelaboratory.dts.usc.edu\shared\Code,Adams_Functions\extract_subvectors.m,\\moorelaboratory.dts.usc.edu\shared\Code\Adams_Functions\extract_subvectors.m
extract_vars.m,\\moorelaboratory.dts.usc.edu\shared\Code\Adams_Functions,\\moorelaboratory.dts.usc.edu\shared\Code,Adams_Functions\extract_vars.m,\\moorelaboratory.dts.usc.edu\shared\Code\Adams_Functions\extract_vars.m
fill_markers.m,\\moorelaboratory.dts.usc.edu\shared\Code\Adams_Functions,\\moorelaboratory.dts.usc.edu\shared\Code,Adams_Functions\fill_markers.m,\\moorelaboratory.dts.usc.edu\shared\Code\Adams_Functions\fill_markers.m
find_closest.m,\\moorelaboratory.dts.usc.edu\shared\Code\Adams_Functions,\\moorelaboratory.dts.usc.edu\shared\Code,Adams_Functions\find_closest.m,\\moorelaboratory.dts.usc.edu\shared\Code\Adams_Functions\find_closest.m
find_custom.m,\\moorelaboratory.dts.usc.edu\shared\Code\Adams_Functions,\\moorelaboratory.dts.usc.edu\shared\Code,Adams_Functions\find_custom.m,\\moorelaboratory.dts.usc.edu\shared\Code\Adams_Functions\find_custom.m
find_first_match.m,\\moorelaboratory.dts.usc.edu\shared\Code\Adams_Functions,\\moorelaboratory.dts.usc.edu\shared\Code,Adams_Functions\find_first_match.m,\\moorelaboratory.dts.usc.edu\shared\Code\Adams_Functions\find_first_match.m
find_in_list.m,\\moorelaboratory.dts.usc.edu\shared\Code\Adams_Functions,\\moorelaboratory.dts.usc.edu\shared\Code,Adams_Functions\find_in_list.m,\\moorelaboratory.dts.usc.edu\shared\Code\Adams_Functions\find_in_list.m
find_in_strings.m,\\moorelaboratory.dts.usc.edu\shared\Code\Adams_Functions,\\moorelaboratory.dts.usc.edu\shared\Code,Adams_Functions\find_in_strings.m,\\moorelaboratory.dts.usc.edu\shared\Code\Adams_Functions\find_in_strings.m
find_window_endpoints.m,\\moorelaboratory.dts.usc.edu\shared\Code\Adams_Functions,\\moorelaboratory.dts.usc.edu\shared\Code,Adams_Functions\find_window_endpoints.m,\\moorelaboratory.dts.usc.edu\shared\Code\Adams_Functions\find_window_endpoints.m
first_matching_field.m,\\moorelaboratory.dts.usc.edu\shared\Code\Adams_Functions,\\moorelaboratory.dts.usc.edu\shared\Code,Adams_Functions\first_matching_field.m,\\moorelaboratory.dts.usc.edu\shared\Code\Adams_Functions\first_matching_field.m
fit_regression_line.m,\\moorelaboratory.dts.usc.edu\shared\Code\Adams_Functions,\\moorelaboratory.dts.usc.edu\shared\Code,Adams_Functions\fit_regression_line.m,\\moorelaboratory.dts.usc.edu\shared\Code\Adams_Functions\fit_regression_line.m
force_column_cell.m,\\moorelaboratory.dts.usc.edu\shared\Code\Adams_Functions,\\moorelaboratory.dts.usc.edu\shared\Code,Adams_Functions\force_column_cell.m,\\moorelaboratory.dts.usc.edu\shared\Code\Adams_Functions\force_column_cell.m
force_column_vector.m,\\moorelaboratory.dts.usc.edu\shared\Code\Adams_Functions,\\moorelaboratory.dts.usc.edu\shared\Code,Adams_Functions\force_column_vector.m,\\moorelaboratory.dts.usc.edu\shared\Code\Adams_Functions\force_column_vector.m
force_data_as_matrix.m,\\moorelaboratory.dts.usc.edu\shared\Code\Adams_Functions,\\moorelaboratory.dts.usc.edu\shared\Code,Adams_Functions\force_data_as_matrix.m,\\moorelaboratory.dts.usc.edu\shared\Code\Adams_Functions\force_data_as_matrix.m
force_matrix.m,\\moorelaboratory.dts.usc.edu\shared\Code\Adams_Functions,\\moorelaboratory.dts.usc.edu\shared\Code,Adams_Functions\force_matrix.m,\\moorelaboratory.dts.usc.edu\shared\Code\Adams_Functions\force_matrix.m
force_row_cell.m,\\moorelaboratory.dts.usc.edu\shared\Code\Adams_Functions,\\moorelaboratory.dts.usc.edu\shared\Code,Adams_Functions\force_row_cell.m,\\moorelaboratory.dts.usc.edu\shared\Code\Adams_Functions\force_row_cell.m
force_row_vector.m,\\moorelaboratory.dts.usc.edu\shared\Code\Adams_Functions,\\moorelaboratory.dts.usc.edu\shared\Code,Adams_Functions\force_row_vector.m,\\moorelaboratory.dts.usc.edu\shared\Code\Adams_Functions\force_row_vector.m
force_string_end.m,\\moorelaboratory.dts.usc.edu\shared\Code\Adams_Functions,\\moorelaboratory.dts.usc.edu\shared\Code,Adams_Functions\force_string_end.m,\\moorelaboratory.dts.usc.edu\shared\Code\Adams_Functions\force_string_end.m
force_string_start.m,\\moorelaboratory.dts.usc.edu\shared\Code\Adams_Functions,\\moorelaboratory.dts.usc.edu\shared\Code,Adams_Functions\force_string_start.m,\\moorelaboratory.dts.usc.edu\shared\Code\Adams_Functions\force_string_start.m
freqfilter.m,\\moorelaboratory.dts.usc.edu\shared\Code\Adams_Functions,\\moorelaboratory.dts.usc.edu\shared\Code,Adams_Functions\freqfilter.m,\\moorelaboratory.dts.usc.edu\shared\Code\Adams_Functions\freqfilter.m
get_var_name.m,\\moorelaboratory.dts.usc.edu\shared\Code\Adams_Functions,\\moorelaboratory.dts.usc.edu\shared\Code,Adams_Functions\get_var_name.m,\\moorelaboratory.dts.usc.edu\shared\Code\Adams_Functions\get_var_name.m
hold_off.m,\\moorelaboratory.dts.usc.edu\shared\Code\Adams_Functions,\\moorelaboratory.dts.usc.edu\shared\Code,Adams_Functions\hold_off.m,\\moorelaboratory.dts.usc.edu\shared\Code\Adams_Functions\hold_off.m
hold_on.m,\\moorelaboratory.dts.usc.edu\shared\Code\Adams_Functions,\\moorelaboratory.dts.usc.edu\shared\Code,Adams_Functions\hold_on.m,\\moorelaboratory.dts.usc.edu\shared\Code\Adams_Functions\hold_on.m
is_field.m,\\moorelaboratory.dts.usc.edu\shared\Code\Adams_Functions,\\moorelaboratory.dts.usc.edu\shared\Code,Adams_Functions\is_field.m,\\moorelaboratory.dts.usc.edu\shared\Code\Adams_Functions\is_field.m
is_in_parallel.m,\\moorelaboratory.dts.usc.edu\shared\Code\Adams_Functions,\\moorelaboratory.dts.usc.edu\shared\Code,Adams_Functions\is_in_parallel.m,\\moorelaboratory.dts.usc.edu\shared\Code\Adams_Functions\is_in_parallel.m
is_matching_string.m,\\moorelaboratory.dts.usc.edu\shared\Code\Adams_Functions,\\moorelaboratory.dts.usc.edu\shared\Code,Adams_Functions\is_matching_string.m,\\moorelaboratory.dts.usc.edu\shared\Code\Adams_Functions\is_matching_string.m
is_on_path.m,\\moorelaboratory.dts.usc.edu\shared\Code\Adams_Functions,\\moorelaboratory.dts.usc.edu\shared\Code,Adams_Functions\is_on_path.m,\\moorelaboratory.dts.usc.edu\shared\Code\Adams_Functions\is_on_path.m
is_var_in_table.m,\\moorelaboratory.dts.usc.edu\shared\Code\Adams_Functions,\\moorelaboratory.dts.usc.edu\shared\Code,Adams_Functions\is_var_in_table.m,\\moorelaboratory.dts.usc.edu\shared\Code\Adams_Functions\is_var_in_table.m
isaninteger.m,\\moorelaboratory.dts.usc.edu\shared\Code\Adams_Functions,\\moorelaboratory.dts.usc.edu\shared\Code,Adams_Functions\isaninteger.m,\\moorelaboratory.dts.usc.edu\shared\Code\Adams_Functions\isaninteger.m
iscellnumeric.m,\\moorelaboratory.dts.usc.edu\shared\Code\Adams_Functions,\\moorelaboratory.dts.usc.edu\shared\Code,Adams_Functions\iscellnumeric.m,\\moorelaboratory.dts.usc.edu\shared\Code\Adams_Functions\iscellnumeric.m
iscellnumericvector.m,\\moorelaboratory.dts.usc.edu\shared\Code\Adams_Functions,\\moorelaboratory.dts.usc.edu\shared\Code,Adams_Functions\iscellnumericvector.m,\\moorelaboratory.dts.usc.edu\shared\Code\Adams_Functions\iscellnumericvector.m
iscellvector.m,\\moorelaboratory.dts.usc.edu\shared\Code\Adams_Functions,\\moorelaboratory.dts.usc.edu\shared\Code,Adams_Functions\iscellvector.m,\\moorelaboratory.dts.usc.edu\shared\Code\Adams_Functions\iscellvector.m
isemptycell.m,\\moorelaboratory.dts.usc.edu\shared\Code\Adams_Functions,\\moorelaboratory.dts.usc.edu\shared\Code,Adams_Functions\isemptycell.m,\\moorelaboratory.dts.usc.edu\shared\Code\Adams_Functions\isemptycell.m
isequalstructs.m,\\moorelaboratory.dts.usc.edu\shared\Code\Adams_Functions,\\moorelaboratory.dts.usc.edu\shared\Code,Adams_Functions\isequalstructs.m,\\moorelaboratory.dts.usc.edu\shared\Code\Adams_Functions\isequalstructs.m
isfigtype.m,\\moorelaboratory.dts.usc.edu\shared\Code\Adams_Functions,\\moorelaboratory.dts.usc.edu\shared\Code,Adams_Functions\isfigtype.m,\\moorelaboratory.dts.usc.edu\shared\Code\Adams_Functions\isfigtype.m
islegendlocation.m,\\moorelaboratory.dts.usc.edu\shared\Code\Adams_Functions,\\moorelaboratory.dts.usc.edu\shared\Code,Adams_Functions\islegendlocation.m,\\moorelaboratory.dts.usc.edu\shared\Code\Adams_Functions\islegendlocation.m
islinestyle.m,\\moorelaboratory.dts.usc.edu\shared\Code\Adams_Functions,\\moorelaboratory.dts.usc.edu\shared\Code,Adams_Functions\islinestyle.m,\\moorelaboratory.dts.usc.edu\shared\Code\Adams_Functions\islinestyle.m
islog2scale.m,\\moorelaboratory.dts.usc.edu\shared\Code\Adams_Functions,\\moorelaboratory.dts.usc.edu\shared\Code,Adams_Functions\islog2scale.m,\\moorelaboratory.dts.usc.edu\shared\Code\Adams_Functions\islog2scale.m
ismatch.m,\\moorelaboratory.dts.usc.edu\shared\Code\Adams_Functions,\\moorelaboratory.dts.usc.edu\shared\Code,Adams_Functions\ismatch.m,\\moorelaboratory.dts.usc.edu\shared\Code\Adams_Functions\ismatch.m
ismember_custom.m,\\moorelaboratory.dts.usc.edu\shared\Code\Adams_Functions,\\moorelaboratory.dts.usc.edu\shared\Code,Adams_Functions\ismember_custom.m,\\moorelaboratory.dts.usc.edu\shared\Code\Adams_Functions\ismember_custom.m
isnum.m,\\moorelaboratory.dts.usc.edu\shared\Code\Adams_Functions,\\moorelaboratory.dts.usc.edu\shared\Code,Adams_Functions\isnum.m,\\moorelaboratory.dts.usc.edu\shared\Code\Adams_Functions\isnum.m
isnumericvector.m,\\moorelaboratory.dts.usc.edu\shared\Code\Adams_Functions,\\moorelaboratory.dts.usc.edu\shared\Code,Adams_Functions\isnumericvector.m,\\moorelaboratory.dts.usc.edu\shared\Code\Adams_Functions\isnumericvector.m
ispositiveintegerarray.m,\\moorelaboratory.dts.usc.edu\shared\Code\Adams_Functions,\\moorelaboratory.dts.usc.edu\shared\Code,Adams_Functions\ispositiveintegerarray.m,\\moorelaboratory.dts.usc.edu\shared\Code\Adams_Functions\ispositiveintegerarray.m
ispositiveintegerscalar.m,\\moorelaboratory.dts.usc.edu\shared\Code\Adams_Functions,\\moorelaboratory.dts.usc.edu\shared\Code,Adams_Functions\ispositiveintegerscalar.m,\\moorelaboratory.dts.usc.edu\shared\Code\Adams_Functions\ispositiveintegerscalar.m
ispositiveintegervector.m,\\moorelaboratory.dts.usc.edu\shared\Code\Adams_Functions,\\moorelaboratory.dts.usc.edu\shared\Code,Adams_Functions\ispositiveintegervector.m,\\moorelaboratory.dts.usc.edu\shared\Code\Adams_Functions\ispositiveintegervector.m
ispositivescalar.m,\\moorelaboratory.dts.usc.edu\shared\Code\Adams_Functions,\\moorelaboratory.dts.usc.edu\shared\Code,Adams_Functions\ispositivescalar.m,\\moorelaboratory.dts.usc.edu\shared\Code\Adams_Functions\ispositivescalar.m
istext.m,\\moorelaboratory.dts.usc.edu\shared\Code\Adams_Functions,\\moorelaboratory.dts.usc.edu\shared\Code,Adams_Functions\istext.m,\\moorelaboratory.dts.usc.edu\shared\Code\Adams_Functions\istext.m
istype.m,\\moorelaboratory.dts.usc.edu\shared\Code\Adams_Functions,\\moorelaboratory.dts.usc.edu\shared\Code,Adams_Functions\istype.m,\\moorelaboratory.dts.usc.edu\shared\Code\Adams_Functions\istype.m
locate_dir.m,\\moorelaboratory.dts.usc.edu\shared\Code\Adams_Functions,\\moorelaboratory.dts.usc.edu\shared\Code,Adams_Functions\locate_dir.m,\\moorelaboratory.dts.usc.edu\shared\Code\Adams_Functions\locate_dir.m
locate_functionsdir.m,\\moorelaboratory.dts.usc.edu\shared\Code\Adams_Functions,\\moorelaboratory.dts.usc.edu\shared\Code,Adams_Functions\locate_functionsdir.m,\\moorelaboratory.dts.usc.edu\shared\Code\Adams_Functions\locate_functionsdir.m
match_and_combine_vectors.m,\\moorelaboratory.dts.usc.edu\shared\Code\Adams_Functions,\\moorelaboratory.dts.usc.edu\shared\Code,Adams_Functions\match_and_combine_vectors.m,\\moorelaboratory.dts.usc.edu\shared\Code\Adams_Functions\match_and_combine_vectors.m
match_column_count.m,\\moorelaboratory.dts.usc.edu\shared\Code\Adams_Functions,\\moorelaboratory.dts.usc.edu\shared\Code,Adams_Functions\match_column_count.m,\\moorelaboratory.dts.usc.edu\shared\Code\Adams_Functions\match_column_count.m
match_dimensions.m,\\moorelaboratory.dts.usc.edu\shared\Code\Adams_Functions,\\moorelaboratory.dts.usc.edu\shared\Code,Adams_Functions\match_dimensions.m,\\moorelaboratory.dts.usc.edu\shared\Code\Adams_Functions\match_dimensions.m
match_format_vector_sets.m,\\moorelaboratory.dts.usc.edu\shared\Code\Adams_Functions,\\moorelaboratory.dts.usc.edu\shared\Code,Adams_Functions\match_format_vector_sets.m,\\moorelaboratory.dts.usc.edu\shared\Code\Adams_Functions\match_format_vector_sets.m
match_format_vectors.m,\\moorelaboratory.dts.usc.edu\shared\Code\Adams_Functions,\\moorelaboratory.dts.usc.edu\shared\Code,Adams_Functions\match_format_vectors.m,\\moorelaboratory.dts.usc.edu\shared\Code\Adams_Functions\match_format_vectors.m
match_positions.m,\\moorelaboratory.dts.usc.edu\shared\Code\Adams_Functions,\\moorelaboratory.dts.usc.edu\shared\Code,Adams_Functions\match_positions.m,\\moorelaboratory.dts.usc.edu\shared\Code\Adams_Functions\match_positions.m
match_row_count.m,\\moorelaboratory.dts.usc.edu\shared\Code\Adams_Functions,\\moorelaboratory.dts.usc.edu\shared\Code,Adams_Functions\match_row_count.m,\\moorelaboratory.dts.usc.edu\shared\Code\Adams_Functions\match_row_count.m
nan_except.m,\\moorelaboratory.dts.usc.edu\shared\Code\Adams_Functions,\\moorelaboratory.dts.usc.edu\shared\Code,Adams_Functions\nan_except.m,\\moorelaboratory.dts.usc.edu\shared\Code\Adams_Functions\nan_except.m
nanstderr.m,\\moorelaboratory.dts.usc.edu\shared\Code\Adams_Functions,\\moorelaboratory.dts.usc.edu\shared\Code,Adams_Functions\nanstderr.m,\\moorelaboratory.dts.usc.edu\shared\Code\Adams_Functions\nanstderr.m
parse_oscillation.m,\\moorelaboratory.dts.usc.edu\shared\Code\Adams_Functions,\\moorelaboratory.dts.usc.edu\shared\Code,Adams_Functions\parse_oscillation.m,\\moorelaboratory.dts.usc.edu\shared\Code\Adams_Functions\parse_oscillation.m
parse_phase_info.m,\\moorelaboratory.dts.usc.edu\shared\Code\Adams_Functions,\\moorelaboratory.dts.usc.edu\shared\Code,Adams_Functions\parse_phase_info.m,\\moorelaboratory.dts.usc.edu\shared\Code\Adams_Functions\parse_phase_info.m
plot_bar.m,\\moorelaboratory.dts.usc.edu\shared\Code\Adams_Functions,\\moorelaboratory.dts.usc.edu\shared\Code,Adams_Functions\plot_bar.m,\\moorelaboratory.dts.usc.edu\shared\Code\Adams_Functions\plot_bar.m
plot_correlation_coefficient.m,\\moorelaboratory.dts.usc.edu\shared\Code\Adams_Functions,\\moorelaboratory.dts.usc.edu\shared\Code,Adams_Functions\plot_correlation_coefficient.m,\\moorelaboratory.dts.usc.edu\shared\Code\Adams_Functions\plot_correlation_coefficient.m
plot_ellipse.m,\\moorelaboratory.dts.usc.edu\shared\Code\Adams_Functions,\\moorelaboratory.dts.usc.edu\shared\Code,Adams_Functions\plot_ellipse.m,\\moorelaboratory.dts.usc.edu\shared\Code\Adams_Functions\plot_ellipse.m
plot_error_bar.m,\\moorelaboratory.dts.usc.edu\shared\Code\Adams_Functions,\\moorelaboratory.dts.usc.edu\shared\Code,Adams_Functions\plot_error_bar.m,\\moorelaboratory.dts.usc.edu\shared\Code\Adams_Functions\plot_error_bar.m
plot_grouped_jitter.m,\\moorelaboratory.dts.usc.edu\shared\Code\Adams_Functions,\\moorelaboratory.dts.usc.edu\shared\Code,Adams_Functions\plot_grouped_jitter.m,\\moorelaboratory.dts.usc.edu\shared\Code\Adams_Functions\plot_grouped_jitter.m
plot_grouped_scatter.m,\\moorelaboratory.dts.usc.edu\shared\Code\Adams_Functions,\\moorelaboratory.dts.usc.edu\shared\Code,Adams_Functions\plot_grouped_scatter.m,\\moorelaboratory.dts.usc.edu\shared\Code\Adams_Functions\plot_grouped_scatter.m
plot_horizontal_line.m,\\moorelaboratory.dts.usc.edu\shared\Code\Adams_Functions,\\moorelaboratory.dts.usc.edu\shared\Code,Adams_Functions\plot_horizontal_line.m,\\moorelaboratory.dts.usc.edu\shared\Code\Adams_Functions\plot_horizontal_line.m
plot_horizontal_shade.m,\\moorelaboratory.dts.usc.edu\shared\Code\Adams_Functions,\\moorelaboratory.dts.usc.edu\shared\Code,Adams_Functions\plot_horizontal_shade.m,\\moorelaboratory.dts.usc.edu\shared\Code\Adams_Functions\plot_horizontal_shade.m
plot_raster.m,\\moorelaboratory.dts.usc.edu\shared\Code\Adams_Functions,\\moorelaboratory.dts.usc.edu\shared\Code,Adams_Functions\plot_raster.m,\\moorelaboratory.dts.usc.edu\shared\Code\Adams_Functions\plot_raster.m
plot_regression_line.m,\\moorelaboratory.dts.usc.edu\shared\Code\Adams_Functions,\\moorelaboratory.dts.usc.edu\shared\Code,Adams_Functions\plot_regression_line.m,\\moorelaboratory.dts.usc.edu\shared\Code\Adams_Functions\plot_regression_line.m
plot_selected.m,\\moorelaboratory.dts.usc.edu\shared\Code\Adams_Functions,\\moorelaboratory.dts.usc.edu\shared\Code,Adams_Functions\plot_selected.m,\\moorelaboratory.dts.usc.edu\shared\Code\Adams_Functions\plot_selected.m
plot_struct.m,\\moorelaboratory.dts.usc.edu\shared\Code\Adams_Functions,\\moorelaboratory.dts.usc.edu\shared\Code,Adams_Functions\plot_struct.m,\\moorelaboratory.dts.usc.edu\shared\Code\Adams_Functions\plot_struct.m
plot_table.m,\\moorelaboratory.dts.usc.edu\shared\Code\Adams_Functions,\\moorelaboratory.dts.usc.edu\shared\Code,Adams_Functions\plot_table.m,\\moorelaboratory.dts.usc.edu\shared\Code\Adams_Functions\plot_table.m
plot_table_parallel.m,\\moorelaboratory.dts.usc.edu\shared\Code\Adams_Functions,\\moorelaboratory.dts.usc.edu\shared\Code,Adams_Functions\plot_table_parallel.m,\\moorelaboratory.dts.usc.edu\shared\Code\Adams_Functions\plot_table_parallel.m
plot_test_result.m,\\moorelaboratory.dts.usc.edu\shared\Code\Adams_Functions,\\moorelaboratory.dts.usc.edu\shared\Code,Adams_Functions\plot_test_result.m,\\moorelaboratory.dts.usc.edu\shared\Code\Adams_Functions\plot_test_result.m
plot_text.m,\\moorelaboratory.dts.usc.edu\shared\Code\Adams_Functions,\\moorelaboratory.dts.usc.edu\shared\Code,Adams_Functions\plot_text.m,\\moorelaboratory.dts.usc.edu\shared\Code\Adams_Functions\plot_text.m
plot_tuning_curve.m,\\moorelaboratory.dts.usc.edu\shared\Code\Adams_Functions,\\moorelaboratory.dts.usc.edu\shared\Code,Adams_Functions\plot_tuning_curve.m,\\moorelaboratory.dts.usc.edu\shared\Code\Adams_Functions\plot_tuning_curve.m
plot_vertical_line.m,\\moorelaboratory.dts.usc.edu\shared\Code\Adams_Functions,\\moorelaboratory.dts.usc.edu\shared\Code,Adams_Functions\plot_vertical_line.m,\\moorelaboratory.dts.usc.edu\shared\Code\Adams_Functions\plot_vertical_line.m
plot_vertical_shade.m,\\moorelaboratory.dts.usc.edu\shared\Code\Adams_Functions,\\moorelaboratory.dts.usc.edu\shared\Code,Adams_Functions\plot_vertical_shade.m,\\moorelaboratory.dts.usc.edu\shared\Code\Adams_Functions\plot_vertical_shade.m
plot_window_boundaries.m,\\moorelaboratory.dts.usc.edu\shared\Code\Adams_Functions,\\moorelaboratory.dts.usc.edu\shared\Code,Adams_Functions\plot_window_boundaries.m,\\moorelaboratory.dts.usc.edu\shared\Code\Adams_Functions\plot_window_boundaries.m
print_cellstr.m,\\moorelaboratory.dts.usc.edu\shared\Code\Adams_Functions,\\moorelaboratory.dts.usc.edu\shared\Code,Adams_Functions\print_cellstr.m,\\moorelaboratory.dts.usc.edu\shared\Code\Adams_Functions\print_cellstr.m
print_help.m,\\moorelaboratory.dts.usc.edu\shared\Code\Adams_Functions,\\moorelaboratory.dts.usc.edu\shared\Code,Adams_Functions\print_help.m,\\moorelaboratory.dts.usc.edu\shared\Code\Adams_Functions\print_help.m
print_or_show_message.m,\\moorelaboratory.dts.usc.edu\shared\Code\Adams_Functions,\\moorelaboratory.dts.usc.edu\shared\Code,Adams_Functions\print_or_show_message.m,\\moorelaboratory.dts.usc.edu\shared\Code\Adams_Functions\print_or_show_message.m
print_structure.m,\\moorelaboratory.dts.usc.edu\shared\Code\Adams_Functions,\\moorelaboratory.dts.usc.edu\shared\Code,Adams_Functions\print_structure.m,\\moorelaboratory.dts.usc.edu\shared\Code\Adams_Functions\print_structure.m
remove_empty.m,\\moorelaboratory.dts.usc.edu\shared\Code\Adams_Functions,\\moorelaboratory.dts.usc.edu\shared\Code,Adams_Functions\remove_empty.m,\\moorelaboratory.dts.usc.edu\shared\Code\Adams_Functions\remove_empty.m
remove_non_axes.m,\\moorelaboratory.dts.usc.edu\shared\Code\Adams_Functions,\\moorelaboratory.dts.usc.edu\shared\Code,Adams_Functions\remove_non_axes.m,\\moorelaboratory.dts.usc.edu\shared\Code\Adams_Functions\remove_non_axes.m
remove_outliers.m,\\moorelaboratory.dts.usc.edu\shared\Code\Adams_Functions,\\moorelaboratory.dts.usc.edu\shared\Code,Adams_Functions\remove_outliers.m,\\moorelaboratory.dts.usc.edu\shared\Code\Adams_Functions\remove_outliers.m
resize_subplots_for_labels.m,\\moorelaboratory.dts.usc.edu\shared\Code\Adams_Functions,\\moorelaboratory.dts.usc.edu\shared\Code,Adams_Functions\resize_subplots_for_labels.m,\\moorelaboratory.dts.usc.edu\shared\Code\Adams_Functions\resize_subplots_for_labels.m
rmfield_custom.m,\\moorelaboratory.dts.usc.edu\shared\Code\Adams_Functions,\\moorelaboratory.dts.usc.edu\shared\Code,Adams_Functions\rmfield_custom.m,\\moorelaboratory.dts.usc.edu\shared\Code\Adams_Functions\rmfield_custom.m
save_all_figtypes.m,\\moorelaboratory.dts.usc.edu\shared\Code\Adams_Functions,\\moorelaboratory.dts.usc.edu\shared\Code,Adams_Functions\save_all_figtypes.m,\\moorelaboratory.dts.usc.edu\shared\Code\Adams_Functions\save_all_figtypes.m
select_similar_values.m,\\moorelaboratory.dts.usc.edu\shared\Code\Adams_Functions,\\moorelaboratory.dts.usc.edu\shared\Code,Adams_Functions\select_similar_values.m,\\moorelaboratory.dts.usc.edu\shared\Code\Adams_Functions\select_similar_values.m
set_axes_properties.m,\\moorelaboratory.dts.usc.edu\shared\Code\Adams_Functions,\\moorelaboratory.dts.usc.edu\shared\Code,Adams_Functions\set_axes_properties.m,\\moorelaboratory.dts.usc.edu\shared\Code\Adams_Functions\set_axes_properties.m
set_default_flag.m,\\moorelaboratory.dts.usc.edu\shared\Code\Adams_Functions,\\moorelaboratory.dts.usc.edu\shared\Code,Adams_Functions\set_default_flag.m,\\moorelaboratory.dts.usc.edu\shared\Code\Adams_Functions\set_default_flag.m
set_figure_properties.m,\\moorelaboratory.dts.usc.edu\shared\Code\Adams_Functions,\\moorelaboratory.dts.usc.edu\shared\Code,Adams_Functions\set_figure_properties.m,\\moorelaboratory.dts.usc.edu\shared\Code\Adams_Functions\set_figure_properties.m
set_visible_off.m,\\moorelaboratory.dts.usc.edu\shared\Code\Adams_Functions,\\moorelaboratory.dts.usc.edu\shared\Code,Adams_Functions\set_visible_off.m,\\moorelaboratory.dts.usc.edu\shared\Code\Adams_Functions\set_visible_off.m
stderr.m,\\moorelaboratory.dts.usc.edu\shared\Code\Adams_Functions,\\moorelaboratory.dts.usc.edu\shared\Code,Adams_Functions\stderr.m,\\moorelaboratory.dts.usc.edu\shared\Code\Adams_Functions\stderr.m
struct2arglist.m,\\moorelaboratory.dts.usc.edu\shared\Code\Adams_Functions,\\moorelaboratory.dts.usc.edu\shared\Code,Adams_Functions\struct2arglist.m,\\moorelaboratory.dts.usc.edu\shared\Code\Adams_Functions\struct2arglist.m
test_difference.m,\\moorelaboratory.dts.usc.edu\shared\Code\Adams_Functions,\\moorelaboratory.dts.usc.edu\shared\Code,Adams_Functions\test_difference.m,\\moorelaboratory.dts.usc.edu\shared\Code\Adams_Functions\test_difference.m
test_normality.m,\\moorelaboratory.dts.usc.edu\shared\Code\Adams_Functions,\\moorelaboratory.dts.usc.edu\shared\Code,Adams_Functions\test_normality.m,\\moorelaboratory.dts.usc.edu\shared\Code\Adams_Functions\test_normality.m
trim_nans.m,\\moorelaboratory.dts.usc.edu\shared\Code\Adams_Functions,\\moorelaboratory.dts.usc.edu\shared\Code,Adams_Functions\trim_nans.m,\\moorelaboratory.dts.usc.edu\shared\Code\Adams_Functions\trim_nans.m
union_over_cells.m,\\moorelaboratory.dts.usc.edu\shared\Code\Adams_Functions,\\moorelaboratory.dts.usc.edu\shared\Code,Adams_Functions\union_over_cells.m,\\moorelaboratory.dts.usc.edu\shared\Code\Adams_Functions\union_over_cells.m
unique_custom.m,\\moorelaboratory.dts.usc.edu\shared\Code\Adams_Functions,\\moorelaboratory.dts.usc.edu\shared\Code,Adams_Functions\unique_custom.m,\\moorelaboratory.dts.usc.edu\shared\Code\Adams_Functions\unique_custom.m
unique_groups.m,\\moorelaboratory.dts.usc.edu\shared\Code\Adams_Functions,\\moorelaboratory.dts.usc.edu\shared\Code,Adams_Functions\unique_groups.m,\\moorelaboratory.dts.usc.edu\shared\Code\Adams_Functions\unique_groups.m
update_figure_for_corel.m,\\moorelaboratory.dts.usc.edu\shared\Code\Adams_Functions,\\moorelaboratory.dts.usc.edu\shared\Code,Adams_Functions\update_figure_for_corel.m,\\moorelaboratory.dts.usc.edu\shared\Code\Adams_Functions\update_figure_for_corel.m
validate_string.m,\\moorelaboratory.dts.usc.edu\shared\Code\Adams_Functions,\\moorelaboratory.dts.usc.edu\shared\Code,Adams_Functions\validate_string.m,\\moorelaboratory.dts.usc.edu\shared\Code\Adams_Functions\validate_string.m
vecfun.m,\\moorelaboratory.dts.usc.edu\shared\Code\Adams_Functions,\\moorelaboratory.dts.usc.edu\shared\Code,Adams_Functions\vecfun.m,\\moorelaboratory.dts.usc.edu\shared\Code\Adams_Functions\vecfun.m
virt_detect_whisk_analysis_windows.m,\\moorelaboratory.dts.usc.edu\shared\Code\Adams_Functions,\\moorelaboratory.dts.usc.edu\shared\Code,Adams_Functions\virt_detect_whisk_analysis_windows.m,\\moorelaboratory.dts.usc.edu\shared\Code\Adams_Functions\virt_detect_whisk_analysis_windows.m
virt_plot_amplitude_correlation.m,\\moorelaboratory.dts.usc.edu\shared\Code\Adams_Functions,\\moorelaboratory.dts.usc.edu\shared\Code,Adams_Functions\virt_plot_amplitude_correlation.m,\\moorelaboratory.dts.usc.edu\shared\Code\Adams_Functions\virt_plot_amplitude_correlation.m
virt_plot_jitter.m,\\moorelaboratory.dts.usc.edu\shared\Code\Adams_Functions,\\moorelaboratory.dts.usc.edu\shared\Code,Adams_Functions\virt_plot_jitter.m,\\moorelaboratory.dts.usc.edu\shared\Code\Adams_Functions\virt_plot_jitter.m
virt_plot_phase_response.m,\\moorelaboratory.dts.usc.edu\shared\Code\Adams_Functions,\\moorelaboratory.dts.usc.edu\shared\Code,Adams_Functions\virt_plot_phase_response.m,\\moorelaboratory.dts.usc.edu\shared\Code\Adams_Functions\virt_plot_phase_response.m
write_table.m,\\moorelaboratory.dts.usc.edu\shared\Code\Adams_Functions,\\moorelaboratory.dts.usc.edu\shared\Code,Adams_Functions\write_table.m,\\moorelaboratory.dts.usc.edu\shared\Code\Adams_Functions\write_table.m
distinguishable_colors.m,\\moorelaboratory.dts.usc.edu\shared\Code\Downloaded_Functions\plotSpread,\\moorelaboratory.dts.usc.edu\shared\Code,Downloaded_Functions\plotSpread\distinguishable_colors.m,\\moorelaboratory.dts.usc.edu\shared\Code\Downloaded_Functions\plotSpread\distinguishable_colors.m
isEven.m,\\moorelaboratory.dts.usc.edu\shared\Code\Downloaded_Functions\plotSpread,\\moorelaboratory.dts.usc.edu\shared\Code,Downloaded_Functions\plotSpread\isEven.m,\\moorelaboratory.dts.usc.edu\shared\Code\Downloaded_Functions\plotSpread\isEven.m
myErrorbar.m,\\moorelaboratory.dts.usc.edu\shared\Code\Downloaded_Functions\plotSpread,\\moorelaboratory.dts.usc.edu\shared\Code,Downloaded_Functions\plotSpread\myErrorbar.m,\\moorelaboratory.dts.usc.edu\shared\Code\Downloaded_Functions\plotSpread\myErrorbar.m
plotSpread.m,\\moorelaboratory.dts.usc.edu\shared\Code\Downloaded_Functions\plotSpread,\\moorelaboratory.dts.usc.edu\shared\Code,Downloaded_Functions\plotSpread\plotSpread.m,\\moorelaboratory.dts.usc.edu\shared\Code\Downloaded_Functions\plotSpread\plotSpread.m
repeatEntries.m,\\moorelaboratory.dts.usc.edu\shared\Code\Downloaded_Functions\plotSpread,\\moorelaboratory.dts.usc.edu\shared\Code,Downloaded_Functions\plotSpread\repeatEntries.m,\\moorelaboratory.dts.usc.edu\shared\Code\Downloaded_Functions\plotSpread\repeatEntries.m
rgb.m,\\moorelaboratory.dts.usc.edu\shared\Code\Downloaded_Functions,\\moorelaboratory.dts.usc.edu\shared\Code,Downloaded_Functions\rgb.m,\\moorelaboratory.dts.usc.edu\shared\Code\Downloaded_Functions\rgb.m
jm_annotate_imageplot_pixel_outlines.m,\\moorelaboratory.dts.usc.edu\shared\Code\vIRt-Moore,\\moorelaboratory.dts.usc.edu\shared\Code,vIRt-Moore\jm_annotate_imageplot_pixel_outlines.m,\\moorelaboratory.dts.usc.edu\shared\Code\vIRt-Moore\jm_annotate_imageplot_pixel_outlines.m
jm_annotate_imageplot_pixel_values_text.m,\\moorelaboratory.dts.usc.edu\shared\Code\vIRt-Moore,\\moorelaboratory.dts.usc.edu\shared\Code,vIRt-Moore\jm_annotate_imageplot_pixel_values_text.m,\\moorelaboratory.dts.usc.edu\shared\Code\vIRt-Moore\jm_annotate_imageplot_pixel_values_text.m
jm_automate_rerun_virt_sim_from_params_intrinsic_vs_driven_freq.m,\\moorelaboratory.dts.usc.edu\shared\Code\vIRt-Moore,\\moorelaboratory.dts.usc.edu\shared\Code,vIRt-Moore\jm_automate_rerun_virt_sim_from_params_intrinsic_vs_driven_freq.m,\\moorelaboratory.dts.usc.edu\shared\Code\vIRt-Moore\jm_automate_rerun_virt_sim_from_params_intrinsic_vs_driven_freq.m
jm_automate_virt_sim_vary_ext_current.m,\\moorelaboratory.dts.usc.edu\shared\Code\vIRt-Moore,\\moorelaboratory.dts.usc.edu\shared\Code,vIRt-Moore\jm_automate_virt_sim_vary_ext_current.m,\\moorelaboratory.dts.usc.edu\shared\Code\vIRt-Moore\jm_automate_virt_sim_vary_ext_current.m
jm_postprocess_virt_sim_ExtCurrent_analysis.m,\\moorelaboratory.dts.usc.edu\shared\Code\vIRt-Moore,\\moorelaboratory.dts.usc.edu\shared\Code,vIRt-Moore\jm_postprocess_virt_sim_ExtCurrent_analysis.m,\\moorelaboratory.dts.usc.edu\shared\Code\vIRt-Moore\jm_postprocess_virt_sim_ExtCurrent_analysis.m
jm_postprocess_virt_sim_amplitude_analysis_ExtCurrentRuns.m,\\moorelaboratory.dts.usc.edu\shared\Code\vIRt-Moore,\\moorelaboratory.dts.usc.edu\shared\Code,vIRt-Moore\jm_postprocess_virt_sim_amplitude_analysis_ExtCurrentRuns.m,\\moorelaboratory.dts.usc.edu\shared\Code\vIRt-Moore\jm_postprocess_virt_sim_amplitude_analysis_ExtCurrentRuns.m
jm_run_virt_sim_replicates.m,\\moorelaboratory.dts.usc.edu\shared\Code\vIRt-Moore,\\moorelaboratory.dts.usc.edu\shared\Code,vIRt-Moore\jm_run_virt_sim_replicates.m,\\moorelaboratory.dts.usc.edu\shared\Code\vIRt-Moore\jm_run_virt_sim_replicates.m
jm_run_virt_sim_vary_ext_current.m,\\moorelaboratory.dts.usc.edu\shared\Code\vIRt-Moore,\\moorelaboratory.dts.usc.edu\shared\Code,vIRt-Moore\jm_run_virt_sim_vary_ext_current.m,\\moorelaboratory.dts.usc.edu\shared\Code\vIRt-Moore\jm_run_virt_sim_vary_ext_current.m
jm_virt_sim_calc_dominant_freq_spectral.m,\\moorelaboratory.dts.usc.edu\shared\Code\vIRt-Moore,\\moorelaboratory.dts.usc.edu\shared\Code,vIRt-Moore\jm_virt_sim_calc_dominant_freq_spectral.m,\\moorelaboratory.dts.usc.edu\shared\Code\vIRt-Moore\jm_virt_sim_calc_dominant_freq_spectral.m
jm_virt_sim_corr_bootci.m,\\moorelaboratory.dts.usc.edu\shared\Code\vIRt-Moore,\\moorelaboratory.dts.usc.edu\shared\Code,vIRt-Moore\jm_virt_sim_corr_bootci.m,\\moorelaboratory.dts.usc.edu\shared\Code\vIRt-Moore\jm_virt_sim_corr_bootci.m
run_Lu_2026_Fig6and7_twister.m,\\moorelaboratory.dts.usc.edu\shared\Code\vIRt-Moore,\\moorelaboratory.dts.usc.edu\shared\Code,vIRt-Moore\run_Lu_2026_Fig6and7_twister.m,\\moorelaboratory.dts.usc.edu\shared\Code\vIRt-Moore\run_Lu_2026_Fig6and7_twister.m
virt_analyze_whisk.m,\\moorelaboratory.dts.usc.edu\shared\Code\vIRt-Moore,\\moorelaboratory.dts.usc.edu\shared\Code,vIRt-Moore\virt_analyze_whisk.m,\\moorelaboratory.dts.usc.edu\shared\Code\vIRt-Moore\virt_analyze_whisk.m
virt_moore.m,\\moorelaboratory.dts.usc.edu\shared\Code\vIRt-Moore,\\moorelaboratory.dts.usc.edu\shared\Code,vIRt-Moore\virt_moore.m,\\moorelaboratory.dts.usc.edu\shared\Code\vIRt-Moore\virt_moore.m
virt_moore_multiple_reps.m,\\moorelaboratory.dts.usc.edu\shared\Code\vIRt-Moore,\\moorelaboratory.dts.usc.edu\shared\Code,vIRt-Moore\virt_moore_multiple_reps.m,\\moorelaboratory.dts.usc.edu\shared\Code\vIRt-Moore\virt_moore_multiple_reps.m
virt_moore_params.m,\\moorelaboratory.dts.usc.edu\shared\Code\vIRt-Moore,\\moorelaboratory.dts.usc.edu\shared\Code,vIRt-Moore\virt_moore_params.m,\\moorelaboratory.dts.usc.edu\shared\Code\vIRt-Moore\virt_moore_params.m
virt_plot_whisk_analysis.m,\\moorelaboratory.dts.usc.edu\shared\Code\vIRt-Moore,\\moorelaboratory.dts.usc.edu\shared\Code,vIRt-Moore\virt_plot_whisk_analysis.m,\\moorelaboratory.dts.usc.edu\shared\Code\vIRt-Moore\virt_plot_whisk_analysis.m
virt_updated_test_name_for_rep.m,\\moorelaboratory.dts.usc.edu\shared\Code\vIRt-Moore,\\moorelaboratory.dts.usc.edu\shared\Code,vIRt-Moore\virt_updated_test_name_for_rep.m,\\moorelaboratory.dts.usc.edu\shared\Code\vIRt-Moore\virt_updated_test_name_for_rep.m
